<?xml version="1.0" encoding="UTF-8"?>
<samplerbank>
	<sample path="Dancehall Vocal Pack II\Bombaclatt.vdjsample" filesize="56398" col="0" row="0" />
	<sample path="Dancehall Vocal Pack II\Come On.vdjsample" filesize="139242" col="1" row="0" />
	<sample path="Dancehall Vocal Pack II\Oh Okey.vdjsample" filesize="46576" col="2" row="0" />
	<sample path="Dancehall Vocal Pack II\Do ya now.vdjsample" filesize="38505" col="3" row="0" />
	<sample path="Dancehall Vocal Pack II\call dem yah.vdjsample" filesize="41374" col="4" row="0" />
	<sample path="Dancehall Vocal Pack II\You now We gooo.vdjsample" filesize="78827" col="5" row="0" />
	<sample path="Dancehall Vocal Pack II\Ya go dead.vdjsample" filesize="30636" col="6" row="0" />
	<sample path="Dancehall Vocal Pack II\hot gal.vdjsample" filesize="42324" col="7" row="0" />
	<sample path="Dancehall Vocal Pack II\di style diferent.vdjsample" filesize="46836" col="8" row="0" />
	<sample path="Dancehall Vocal Pack II\Ready.vdjsample" filesize="15311" col="9" row="0" />
	<sample path="Dancehall Vocal Pack II\OOSH.vdjsample" filesize="30855" col="10" row="0" />
	<sample path="Dancehall Vocal Pack II\Battyman.vdjsample" filesize="159056" col="11" row="0" />
	<sample path="Dancehall Vocal Pack II\Junglists.vdjsample" filesize="117696" col="12" row="0" />
	<sample path="Dancehall Vocal Pack II\Speedometer.vdjsample" filesize="38476" col="13" row="0" />
	<sample path="Dancehall Vocal Pack II\Sample Dizz.vdjsample" filesize="34826" col="14" row="0" />
	<sample path="Dancehall Vocal Pack II\Ambition Lazer.vdjsample" filesize="67785" col="15" row="0" />
	<sample path="Dancehall Vocal Pack II\Buzzer Horn.vdjsample" filesize="305955" col="16" row="0" />
	<sample path="Dancehall Vocal Pack II\Lazer.vdjsample" filesize="70293" col="17" row="0" />
	<sample path="Dancehall Vocal Pack II\ReWind.vdjsample" filesize="70361" col="18" row="0" />
	<sample path="Dancehall Vocal Pack II\Truck Sound.vdjsample" filesize="159347" col="19" row="0" />
	<sample path="Dancehall Vocal Pack II\Woooh.vdjsample" filesize="75788" col="20" row="0" />
	<sample path="Dancehall Vocal Pack II\Woyoyy.vdjsample" filesize="35036" col="21" row="0" />
	<sample path="Dancehall Vocal Pack II\Xplotion.vdjsample" filesize="80304" col="22" row="0" />
</samplerbank>
