<?xml version="1.0" encoding="UTF-8"?>
<samplerbank>
	<sample path="8Fifty.vdjsample" filesize="532116" col="0" row="0" />
	<sample path="Anthem.vdjsample" filesize="175991" col="1" row="0" />
	<sample path="Dance Floor Is Yours.vdjsample" filesize="561403" col="2" row="0" />
	<sample path="Jumper.vdjsample" filesize="512376" col="3" row="0" />
	<sample path="Rambo.vdjsample" filesize="276226" col="0" row="1" />
	<sample path="Off The Hook.vdjsample" filesize="261136" col="1" row="1" />
	<sample path="Safari.vdjsample" filesize="515411" col="2" row="1" />
	<sample path="Shine A Light.vdjsample" filesize="416900" col="3" row="1" />
</samplerbank>
