<?xml version="1.0" encoding="UTF-8"?>
<samplerbank>
	<sample path="B125.vdjsample" filesize="163223" group="Bachata" color="orange" col="0" row="0" />
	<sample path="B128.vdjsample" filesize="178411" group="Bachata" color="orange" col="1" row="0" />
	<sample path="B129.vdjsample" filesize="175771" group="Bachata" color="orange" col="2" row="0" />
	<sample path="B132.vdjsample" filesize="155533" group="Bachata" color="orange" col="3" row="0" />
	<sample path="B136.vdjsample" filesize="167765" group="Bachata" color="orange" col="4" row="0" />
	<sample path="CH100.vdjsample" filesize="185450" group="Champeta" color="green" col="0" row="1" />
	<sample path="CH105.vdjsample" filesize="193959" group="Champeta" color="green" col="1" row="1" />
	<sample path="CH106.vdjsample" filesize="171188" group="Champeta" color="green" col="2" row="1" />
	<sample path="CH110.vdjsample" filesize="165877" group="Champeta" color="green" col="3" row="1" />
	<sample path="CH111.vdjsample" filesize="169487" group="Champeta" color="green" col="4" row="1" />
	<sample path="CH114.vdjsample" filesize="194275" group="Champeta" color="green" col="5" row="1" />
	<sample path="CH116.vdjsample" filesize="185183" group="Champeta" color="green" col="6" row="1" />
	<sample path="CH122.vdjsample" filesize="200475" group="Champeta" color="green" col="7" row="1" />
	<sample path="M128.vdjsample" filesize="147834" group="Merengue" color="yellow" col="0" row="2" />
	<sample path="M129.vdjsample" filesize="173862" group="Merengue" color="yellow" col="1" row="2" />
	<sample path="M130.vdjsample" filesize="160957" group="Merengue" color="yellow" col="2" row="2" />
	<sample path="M132.vdjsample" filesize="190373" group="Merengue" color="yellow" col="3" row="2" />
	<sample path="M133.vdjsample" filesize="179343" group="Merengue" color="yellow" col="4" row="2" />
	<sample path="M140.vdjsample" filesize="163703" group="Merengue" color="yellow" col="5" row="2" />
	<sample path="M146.vdjsample" filesize="142883" group="Merengue" color="yellow" col="6" row="2" />
	<sample path="M158.vdjsample" filesize="152828" group="Merengue" color="yellow" col="7" row="2" />
	<sample path="S87.vdjsample" filesize="244154" group="Salsa" color="magenta" col="0" row="3" />
	<sample path="S89.vdjsample" filesize="270317" group="Salsa" color="magenta" col="1" row="3" />
	<sample path="S91.vdjsample" filesize="252498" group="Salsa" color="magenta" col="2" row="3" />
	<sample path="S95.vdjsample" filesize="224529" group="Salsa" color="magenta" col="3" row="3" />
	<sample path="S96.vdjsample" filesize="222164" group="Salsa" color="magenta" col="4" row="3" />
	<sample path="S97.vdjsample" filesize="229649" group="Salsa" color="magenta" col="5" row="3" />
	<sample path="S98.vdjsample" filesize="233744" group="Salsa" color="magenta" col="6" row="3" />
	<sample path="U88.vdjsample" filesize="217374" group="Urbano" color="cyan" col="0" row="4" />
	<sample path="U91.vdjsample" filesize="225089" group="Urbano" color="cyan" col="1" row="4" />
	<sample path="U92.vdjsample" filesize="240445" group="Urbano" color="cyan" col="2" row="4" />
	<sample path="U94.vdjsample" filesize="218653" group="Urbano" color="cyan" col="3" row="4" />
	<sample path="U95.vdjsample" filesize="253278" group="Urbano" color="cyan" col="4" row="4" />
	<sample path="U98.vdjsample" filesize="228004" group="Urbano" color="cyan" col="5" row="4" />
	<sample path="U101.vdjsample" filesize="226384" group="Urbano" color="cyan" col="6" row="4" />
	<sample path="U105.vdjsample" filesize="212325" group="Urbano" color="cyan" col="7" row="4" />
</samplerbank>
