<?xml version="1.0" encoding="UTF-8"?>
<samplerbank>
	<sample path="Beat Loops 03\BT-01.vdjsample" filesize="244449" col="0" row="0" />
	<sample path="Beat Loops 03\BT-02.vdjsample" filesize="238134" col="1" row="0" />
	<sample path="Beat Loops 03\BT-03.vdjsample" filesize="148230" col="2" row="0" />
	<sample path="Beat Loops 03\BT-04.vdjsample" filesize="274440" col="3" row="0" />
	<sample path="Beat Loops 03\BT-05.vdjsample" filesize="235592" col="4" row="0" />
	<sample path="Beat Loops 03\BT-06.vdjsample" filesize="228451" col="5" row="0" />
	<sample path="Beat Loops 03\BT-07.vdjsample" filesize="218795" col="6" row="0" />
	<sample path="Beat Loops 03\BT-08.vdjsample" filesize="271544" col="7" row="0" />
	<sample path="Beat Loops 03\BT-09.vdjsample" filesize="216346" col="8" row="0" />
	<sample path="Beat Loops 03\BT-10.vdjsample" filesize="231886" col="9" row="0" />
	<sample path="Beat Loops 03\BT-11.vdjsample" filesize="188836" col="10" row="0" />
	<sample path="Beat Loops 03\BT-12.vdjsample" filesize="186100" col="11" row="0" />
	<sample path="Beat Loops 03\BT-13.vdjsample" filesize="180620" col="12" row="0" />
	<sample path="Beat Loops 03\BT-14.vdjsample" filesize="130223" col="13" row="0" />
	<sample path="Beat Loops 03\BT-15.vdjsample" filesize="118075" col="14" row="0" />
	<sample path="Beat Loops 03\BT-16.vdjsample" filesize="127719" col="15" row="0" />
	<sample path="Beat Loops 03\BT-17.vdjsample" filesize="110456" col="16" row="0" />
	<sample path="Beat Loops 03\BT-18.vdjsample" filesize="280824" col="17" row="0" />
	<sample path="Beat Loops 03\BT-19.vdjsample" filesize="247548" col="18" row="0" />
	<sample path="Beat Loops 03\BT-20.vdjsample" filesize="190750" col="19" row="0" />
	<sample path="Beat Loops 03\BT-21.vdjsample" filesize="154869" col="20" row="0" />
	<sample path="Beat Loops 03\BT-22.vdjsample" filesize="144910" col="21" row="0" />
	<sample path="Beat Loops 03\BT-23.vdjsample" filesize="146226" col="22" row="0" />
	<sample path="Beat Loops 03\BT-24.vdjsample" filesize="190571" col="23" row="0" />
	<sample path="Beat Loops 03\BT-25.vdjsample" filesize="144657" col="24" row="0" />
	<sample path="Beat Loops 03\BT-26.vdjsample" filesize="160452" col="25" row="0" />
	<sample path="Beat Loops 03\BT-27.vdjsample" filesize="143620" col="26" row="0" />
	<sample path="Beat Loops 03\BT-28.vdjsample" filesize="161337" col="27" row="0" />
</samplerbank>
