<?xml version="1.0" encoding="UTF-8"?>
<samplerbank>
	<sample path="Classic Rise.vdjsample" filesize="354702" col="0" row="0" />
	<sample path="Drum Drop Rise.vdjsample" filesize="340789" col="1" row="0" />
	<sample path="Drum Rise.vdjsample" filesize="326938" col="2" row="0" />
	<sample path="Edm Bar Rise.vdjsample" filesize="635288" col="0" row="1" />
	<sample path="Edm Snare Rise.vdjsample" filesize="313727" col="1" row="1" />
	<sample path="Hop Rise.vdjsample" filesize="192779" col="2" row="1" />
	<sample path="House Rise.vdjsample" filesize="315909" col="0" row="2" />
	<sample path="Skraxx Rise.vdjsample" filesize="174621" col="1" row="2" />
	<sample path="Snare Rise.vdjsample" filesize="324924" col="2" row="2" />
</samplerbank>
