<?xml version="1.0" encoding="UTF-8"?>
<samplerbank>
	<sample path="Fog Horns &amp; Inception\Fog Horn Deep.vdjsample" filesize="347010" col="0" row="0" />
	<sample path="Fog Horns &amp; Inception\Fog Horn Distant.vdjsample" filesize="129867" col="1" row="0" />
	<sample path="Fog Horns &amp; Inception\Fog Horn Long.vdjsample" filesize="573716" col="2" row="0" />
	<sample path="Fog Horns &amp; Inception\Fog Horn Orchestral.vdjsample" filesize="134372" col="3" row="0" />
	<sample path="Fog Horns &amp; Inception\Fog Horn x3.vdjsample" filesize="258197" col="4" row="0" />
	<sample path="Fog Horns &amp; Inception\Inception.vdjsample" filesize="116953" col="5" row="0" />
	<sample path="Fog Horns &amp; Inception\Inception II.vdjsample" filesize="144716" col="6" row="0" />
	<sample path="Fog Horns &amp; Inception\Inception II Resonance.vdjsample" filesize="130918" col="7" row="0" />
	<sample path="Fog Horns &amp; Inception\Inception III.vdjsample" filesize="45110" col="8" row="0" />
	<sample path="Fog Horns &amp; Inception\Inception IV.vdjsample" filesize="130599" col="9" row="0" />
	<sample path="Fog Horns &amp; Inception\Ship Long Horn.vdjsample" filesize="152493" col="10" row="0" />
</samplerbank>
