<?xml version="1.0" encoding="UTF-8"?>
<samplerbank>
	<sample path="Maxx Bass.vdjsample" filesize="665325" col="0" row="0" />
	<sample path="Maxx Bass 1.vdjsample" filesize="720331" col="1" row="0" />
	<sample path="Maxx Bass 2.vdjsample" filesize="823072" col="2" row="0" />
	<sample path="Maxx Bass 3.vdjsample" filesize="773545" col="3" row="0" />
	<sample path="Maxx Bass 4.vdjsample" filesize="852238" col="0" row="1" />
	<sample path="Maxx Bass 5.vdjsample" filesize="734045" col="1" row="1" />
	<sample path="Maxx Bass 6.vdjsample" filesize="293785" col="2" row="1" />
	<sample path="Maxx Bass 7.vdjsample" filesize="196977" col="3" row="1" />
</samplerbank>
