<?xml version="1.0" encoding="UTF-8"?>
<samplerbank>
	<sample path="Beat Loops 02\B100-10.vdjsample" filesize="68319" col="0" row="0" />
	<sample path="Beat Loops 02\B100-11.vdjsample" filesize="54931" col="1" row="0" />
	<sample path="Beat Loops 02\B85-13.vdjsample" filesize="53735" col="2" row="0" />
	<sample path="Beat Loops 02\B85-12.vdjsample" filesize="58166" col="3" row="0" />
	<sample path="Beat Loops 02\B85-11.vdjsample" filesize="56489" col="4" row="0" />
	<sample path="Beat Loops 02\B85-10.vdjsample" filesize="58427" col="5" row="0" />
	<sample path="Beat Loops 02\B85-09.vdjsample" filesize="61926" col="6" row="0" />
	<sample path="Beat Loops 02\B85-08.vdjsample" filesize="68022" col="7" row="0" />
	<sample path="Beat Loops 02\B85-07.vdjsample" filesize="66912" col="8" row="0" />
	<sample path="Beat Loops 02\B85-06.vdjsample" filesize="54874" col="9" row="0" />
	<sample path="Beat Loops 02\B85-05.vdjsample" filesize="54960" col="10" row="0" />
	<sample path="Beat Loops 02\B85-04.vdjsample" filesize="54839" col="11" row="0" />
	<sample path="Beat Loops 02\B85-03.vdjsample" filesize="56278" col="12" row="0" />
	<sample path="Beat Loops 02\B85-02.vdjsample" filesize="74834" col="13" row="0" />
	<sample path="Beat Loops 02\B85-01.vdjsample" filesize="74432" col="14" row="0" />
	<sample path="Beat Loops 02\B90-01.vdjsample" filesize="58224" col="15" row="0" />
	<sample path="Beat Loops 02\B90-02.vdjsample" filesize="58247" col="16" row="0" />
	<sample path="Beat Loops 02\B90-03.vdjsample" filesize="62952" col="17" row="0" />
	<sample path="Beat Loops 02\B90-04.vdjsample" filesize="61388" col="18" row="0" />
	<sample path="Beat Loops 02\B90-05.vdjsample" filesize="52683" col="19" row="0" />
	<sample path="Beat Loops 02\B90-06.vdjsample" filesize="52993" col="20" row="0" />
	<sample path="Beat Loops 02\B90-07.vdjsample" filesize="52660" col="21" row="0" />
	<sample path="Beat Loops 02\B90-08.vdjsample" filesize="53306" col="22" row="0" />
	<sample path="Beat Loops 02\B90-09.vdjsample" filesize="75675" col="23" row="0" />
	<sample path="Beat Loops 02\B90-10.vdjsample" filesize="72979" col="24" row="0" />
	<sample path="Beat Loops 02\B90-11.vdjsample" filesize="70940" col="25" row="0" />
	<sample path="Beat Loops 02\B94-03.vdjsample" filesize="60056" col="26" row="0" />
	<sample path="Beat Loops 02\B94-01.vdjsample" filesize="51041" col="27" row="0" />
	<sample path="Beat Loops 02\B94-02.vdjsample" filesize="49398" col="28" row="0" />
	<sample path="Beat Loops 02\B97-01.vdjsample" filesize="55333" col="29" row="0" />
	<sample path="Beat Loops 02\B97-02.vdjsample" filesize="56278" col="30" row="0" />
	<sample path="Beat Loops 02\B97-03.vdjsample" filesize="56562" col="31" row="0" />
	<sample path="Beat Loops 02\B97-04.vdjsample" filesize="59850" col="32" row="0" />
	<sample path="Beat Loops 02\B97-05.vdjsample" filesize="49393" col="33" row="0" />
	<sample path="Beat Loops 02\B97-06.vdjsample" filesize="46899" col="34" row="0" />
	<sample path="Beat Loops 02\B97-07.vdjsample" filesize="72226" col="35" row="0" />
	<sample path="Beat Loops 02\B97-08.vdjsample" filesize="60767" col="36" row="0" />
	<sample path="Beat Loops 02\B97-09.vdjsample" filesize="66082" col="37" row="0" />
	<sample path="Beat Loops 02\B100-01.vdjsample" filesize="58741" col="38" row="0" />
	<sample path="Beat Loops 02\B100-02.vdjsample" filesize="58500" col="39" row="0" />
	<sample path="Beat Loops 02\B100-03.vdjsample" filesize="61872" col="40" row="0" />
	<sample path="Beat Loops 02\B100-04.vdjsample" filesize="60217" col="41" row="0" />
	<sample path="Beat Loops 02\B100-05.vdjsample" filesize="60591" col="42" row="0" />
	<sample path="Beat Loops 02\B100-06.vdjsample" filesize="57011" col="43" row="0" />
	<sample path="Beat Loops 02\B100-07.vdjsample" filesize="58800" col="44" row="0" />
	<sample path="Beat Loops 02\B100-08.vdjsample" filesize="68040" col="45" row="0" />
	<sample path="Beat Loops 02\B100-09.vdjsample" filesize="57090" col="46" row="0" />
</samplerbank>
