<?xml version="1.0" encoding="UTF-8"?>
<samplerbank>
	<sample path="Honk 1.vdjsample" filesize="219730" col="0" row="0" />
	<sample path="Honk 2.vdjsample" filesize="112984" col="1" row="0" />
	<sample path="Clap Build Up.vdjsample" filesize="319837" col="2" row="0" />
	<sample path="Clap Roll.vdjsample" filesize="77613" col="3" row="0" />
	<sample path="Beat .vdjsample" filesize="135702" col="0" row="1" />
	<sample path="808.vdjsample" filesize="64305" col="1" row="1" />
	<sample path="Closed Hat Roll 1.vdjsample" filesize="26465" col="2" row="1" />
	<sample path="Closed Hat Roll 2.vdjsample" filesize="40056" col="3" row="1" />
	<sample path="Pluck 1.vdjsample" filesize="46853" col="0" row="2" />
	<sample path="Keys.vdjsample" filesize="38502" col="1" row="2" />
	<sample path="Flat Chant.vdjsample" filesize="294566" col="2" row="2" />
	<sample path="Flat Open Hat.vdjsample" filesize="23972" col="3" row="2" />
</samplerbank>
