<?xml version="1.0" encoding="UTF-8"?>
<samplerbank>
	<sample path="Vox Voices\Come On.vdjsample" filesize="44341" col="0" row="0" />
	<sample path="Vox Voices\Love.vdjsample" filesize="43340" col="1" row="0" />
	<sample path="Vox Voices\Terminates.vdjsample" filesize="41079" col="2" row="0" />
	<sample path="Vox Voices\Baaah.vdjsample" filesize="41634" col="3" row="0" />
	<sample path="Vox Voices\Daaah.vdjsample" filesize="41907" col="0" row="1" />
	<sample path="Vox Voices\Deeeuuhh.vdjsample" filesize="41920" col="1" row="1" />
	<sample path="Vox Voices\Down.vdjsample" filesize="28911" col="2" row="1" />
	<sample path="Vox Voices\Hey.vdjsample" filesize="22510" col="3" row="1" />
	<sample path="Vox Voices\High.vdjsample" filesize="25735" col="0" row="2" />
	<sample path="Vox Voices\Wow.vdjsample" filesize="42615" col="1" row="2" />
	<sample path="Vox Voices\Feeling.vdjsample" filesize="32349" col="2" row="2" />
	<sample path="Vox Voices\OohDaBum.vdjsample" filesize="33898" col="3" row="2" />
	<sample path="Vox Voices\Get Down.vdjsample" filesize="32686" col="0" row="3" />
	<sample path="Vox Voices\Tonight.vdjsample" filesize="32662" col="1" row="3" />
	<sample path="Vox Voices\Everybody.vdjsample" filesize="48478" col="2" row="3" />
	<sample path="Vox Voices\Get Up.vdjsample" filesize="50379" col="3" row="3" />
	<sample path="Vox Voices\Get Down 2.vdjsample" filesize="32606" col="0" row="4" />
	<sample path="Vox Voices\Tonight 2.vdjsample" filesize="50142" col="1" row="4" />
</samplerbank>
