<?xml version="1.0" encoding="UTF-8"?>
<samplerbank>
	<sample path="3D Sound @Mr.Dj.Majid (1).vdjsample" filesize="726593" color="pink" col="0" row="0" />
	<sample path="3D Sound @Mr.Dj.Majid (2).vdjsample" filesize="243144" color="violet" col="1" row="0" />
	<sample path="3D Sound @Mr.Dj.Majid (3).vdjsample" filesize="531262" color="cyan" col="2" row="0" />
	<sample path="3D Sound @Mr.Dj.Majid (4).vdjsample" filesize="702301" color="yellow" col="3" row="0" />
	<sample path="3D Sound @Mr.Dj.Majid (5).vdjsample" filesize="219722" color="red" col="0" row="1" />
	<sample path="3D Sound @Mr.Dj.Majid (6).vdjsample" filesize="422544" color="darkred" col="1" row="1" />
	<sample path="3D Sound @Mr.Dj.Majid (7).vdjsample" filesize="408446" color="marine" col="2" row="1" />
	<sample path="3D Sound @Mr.Dj.Majid (8).vdjsample" filesize="520028" color="magenta" col="3" row="1" />
	<sample path="3D Sound @Mr.Dj.Majid (9).vdjsample" filesize="210016" color="blue" col="0" row="2" />
	<sample path="3D Sound @Mr.Dj.Majid (10).vdjsample" filesize="716504" color="green" col="1" row="2" />
	<sample path="3D Sound @Mr.Dj.Majid (11).vdjsample" filesize="246173" color="orange" col="2" row="2" />
</samplerbank>
