<?xml version="1.0" encoding="UTF-8"?>
<samplerbank>
	<sample path="Trumpet.vdjsample" filesize="147544" col="0" row="0" />
	<sample path="Kick Snare Beat.vdjsample" filesize="70950" col="1" row="0" />
	<sample path="808 16 Bars.vdjsample" filesize="465537" col="2" row="0" />
	<sample path="Close Hat Roll.vdjsample" filesize="101033" col="3" row="0" />
	<sample path="Chant (Flat Drop).vdjsample" filesize="76962" col="0" row="1" />
	<sample path="Lead.vdjsample" filesize="201279" col="1" row="1" />
	<sample path="Clap Roll.vdjsample" filesize="325689" col="2" row="1" />
	<sample path="Snap Roll.vdjsample" filesize="223599" col="3" row="1" />
	<sample path="Reverse Cymbal.vdjsample" filesize="25129" col="0" row="2" />
	<sample path="Noise Layer.vdjsample" filesize="24182" col="1" row="2" />
	<sample path="Spooky FX.vdjsample" filesize="90565" col="2" row="2" />
	<sample path="Climax Wobble.vdjsample" filesize="75691" col="3" row="2" />
</samplerbank>
